{
  "1_jajpur": {
    "Bayesian": {
      "R2": 0.9999999659772377,
      "R2CV": 0.9969986869558024,
      "NumLayers": 2,
      "Layer_1": 3,
      "Layer_2": 4,
      "Activation": "relu",
      "Alpha": NaN,
      "Time": 306.49697518348694
    },
    "DE": {
      "R2": 0.9999999979776033,
      "R2CV": 0.9972042360790774,
      "NumLayers": 1,
      "Layer_1": 4,
      "Layer_2": 5,
      "Activation": "relu",
      "Alpha": 6.072507904867333e-06,
      "Time": 348.3295304775238
    },
    "SHADE": {
      "R2": 0.9999999649810374,
      "R2CV": 0.998765924952631,
      "NumLayers": 1,
      "Layer_1": 4,
      "Layer_2": 3,
      "Activation": "relu",
      "Alpha": 1.3706859653339881e-06,
      "Time": 91.48708295822144
    },
    "L-SHADE": {
      "R2": 0.9999996979739944,
      "R2CV": 0.9976448236118456,
      "NumLayers": 1,
      "Layer_1": 9,
      "Layer_2": 5,
      "Activation": "relu",
      "Alpha": 0.03290722012797672,
      "Time": 90.41473388671875
    },
    "CMA-ES": {
      "R2": 0.9999991257984676,
      "R2CV": 0.9985993292080845,
      "NumLayers": 1,
      "Layer_1": 6,
      "Layer_2": 5,
      "Activation": "relu",
      "Alpha": 0.08620349795567117,
      "Time": 80.20866107940674
    },
    "JADE": {
      "R2": 0.9999999139385555,
      "R2CV": 0.9952223302670786,
      "NumLayers": 2,
      "Layer_1": 9,
      "Layer_2": 6,
      "Activation": "relu",
      "Alpha": 0.04623194195322538,
      "Time": 83.40806102752686
    },
    "SaDE": {
      "R2": 0.9989399219821297,
      "R2CV": 0.9841912377218173,
      "NumLayers": 1,
      "Layer_1": 9,
      "Layer_2": 8,
      "Activation": "relu",
      "Alpha": 0.00028747591026405124,
      "Time": 91.05840229988098
    },
    "jSO (2017)": {
      "R2": 0.9980958010849146,
      "R2CV": 0.9938632630640992,
      "NumLayers": 2,
      "Layer_1": 2,
      "Layer_2": 4,
      "Activation": "relu",
      "Alpha": 1e-06,
      "Time": 71.89268255233765
    },
    "APSM-jSO (2023)": {
      "R2": 0.9999998499117873,
      "R2CV": 0.9885553716778422,
      "NumLayers": 2,
      "Layer_1": 7,
      "Layer_2": 6,
      "Activation": "relu",
      "Alpha": 0.0008565943440779819,
      "Time": 80.88664293289185
    },
    "mLSHADE-RL (2024)": {
      "R2": 0.9999970877146382,
      "R2CV": 0.9985938193908735,
      "NumLayers": 1,
      "Layer_1": 6,
      "Layer_2": 5,
      "Activation": "relu",
      "Alpha": 0.1,
      "Time": 126.55048608779907
    }
  },
  "2_wqi_dataset": {
    "Bayesian": {
      "R2": 0.9744464240968307,
      "R2CV": 0.9542294095191256,
      "NumLayers": 2,
      "Layer_1": 3,
      "Layer_2": 10,
      "Activation": "tanh",
      "Alpha": NaN,
      "Time": 596.816695690155
    },
    "DE": {
      "R2": 0.9735766173240651,
      "R2CV": 0.9584645661131246,
      "NumLayers": 2,
      "Layer_1": 2,
      "Layer_2": 5,
      "Activation": "sigmoid",
      "Alpha": 7.421063353296878e-06,
      "Time": 514.4906988143921
    },
    "SHADE": {
      "R2": 0.991784799723248,
      "R2CV": 0.9513645569701037,
      "NumLayers": 1,
      "Layer_1": 8,
      "Layer_2": 5,
      "Activation": "sigmoid",
      "Alpha": 0.04311674638736543,
      "Time": 101.87011742591858
    },
    "L-SHADE": {
      "R2": 0.9915848678007702,
      "R2CV": 0.8986929889406635,
      "NumLayers": 1,
      "Layer_1": 8,
      "Layer_2": 3,
      "Activation": "sigmoid",
      "Alpha": 0.00315349248303333,
      "Time": 104.16899538040161
    },
    "CMA-ES": {
      "R2": 0.9920685173058041,
      "R2CV": 0.9188774583095644,
      "NumLayers": 1,
      "Layer_1": 8,
      "Layer_2": 5,
      "Activation": "sigmoid",
      "Alpha": 0.017681785819286304,
      "Time": 94.61683392524719
    },
    "JADE": {
      "R2": 0.9926136715316809,
      "R2CV": 0.9142555246753797,
      "NumLayers": 1,
      "Layer_1": 8,
      "Layer_2": 9,
      "Activation": "sigmoid",
      "Alpha": 0.0006069346163702207,
      "Time": 101.81861972808838
    },
    "SaDE": {
      "R2": 0.9924479575208378,
      "R2CV": 0.9030926611344413,
      "NumLayers": 1,
      "Layer_1": 8,
      "Layer_2": 5,
      "Activation": "sigmoid",
      "Alpha": 5.3543636267267604e-05,
      "Time": 113.29563450813293
    },
    "jSO (2017)": {
      "R2": 0.9914820751324265,
      "R2CV": 0.8622022545391819,
      "NumLayers": 2,
      "Layer_1": 10,
      "Layer_2": 5,
      "Activation": "relu",
      "Alpha": 0.024096044772653213,
      "Time": 114.47035717964172
    },
    "APSM-jSO (2023)": {
      "R2": 0.9916259478006345,
      "R2CV": 0.910712429949407,
      "NumLayers": 1,
      "Layer_1": 8,
      "Layer_2": 3,
      "Activation": "sigmoid",
      "Alpha": 0.0036297058894882877,
      "Time": 103.61715340614319
    },
    "mLSHADE-RL (2024)": {
      "R2": 0.9906180942856689,
      "R2CV": 0.8062874341371981,
      "NumLayers": 2,
      "Layer_1": 9,
      "Layer_2": 4,
      "Activation": "relu",
      "Alpha": 0.01814044674256924,
      "Time": 209.29561924934387
    }
  },
  "3_sample_dataset": {
    "Bayesian": {
      "R2": -2114.5705064205013,
      "R2CV": 0.9625128165868528,
      "NumLayers": 2,
      "Layer_1": 7,
      "Layer_2": 8,
      "Activation": "sigmoid",
      "Alpha": NaN,
      "Time": 1108.758516073227
    },
    "DE": {
      "R2": -2103.4302445451963,
      "R2CV": 0.969264557278209,
      "NumLayers": 2,
      "Layer_1": 5,
      "Layer_2": 7,
      "Activation": "sigmoid",
      "Alpha": 1.7609758317166164e-06,
      "Time": 447.3094553947449
    },
    "SHADE": {
      "R2": -2114.0969735643175,
      "R2CV": 0.9624444962131039,
      "NumLayers": 2,
      "Layer_1": 6,
      "Layer_2": 6,
      "Activation": "sigmoid",
      "Alpha": 1e-06,
      "Time": 84.3450517654419
    },
    "L-SHADE": {
      "R2": -2117.099484548247,
      "R2CV": 0.9453354569375458,
      "NumLayers": 2,
      "Layer_1": 8,
      "Layer_2": 5,
      "Activation": "sigmoid",
      "Alpha": 1.8119234293548904e-05,
      "Time": 82.71101832389832
    },
    "CMA-ES": {
      "R2": -2107.9167355414456,
      "R2CV": 0.9557235470230824,
      "NumLayers": 1,
      "Layer_1": 10,
      "Layer_2": 3,
      "Activation": "sigmoid",
      "Alpha": 0.0861488064084956,
      "Time": 78.86040592193604
    },
    "JADE": {
      "R2": -2115.022839024164,
      "R2CV": 0.9466666059961181,
      "NumLayers": 1,
      "Layer_1": 10,
      "Layer_2": 7,
      "Activation": "sigmoid",
      "Alpha": 0.0024695460430680144,
      "Time": 83.78466176986694
    },
    "SaDE": {
      "R2": -2107.1407827853477,
      "R2CV": 0.9566455108916317,
      "NumLayers": 1,
      "Layer_1": 10,
      "Layer_2": 2,
      "Activation": "sigmoid",
      "Alpha": 0.1,
      "Time": 92.83145022392273
    },
    "jSO (2017)": {
      "R2": -2108.790580251585,
      "R2CV": 0.9594844897350143,
      "NumLayers": 1,
      "Layer_1": 7,
      "Layer_2": 3,
      "Activation": "sigmoid",
      "Alpha": 0.00315349248303333,
      "Time": 74.87339854240417
    },
    "APSM-jSO (2023)": {
      "R2": -2119.322220271888,
      "R2CV": 0.9453420090668034,
      "NumLayers": 2,
      "Layer_1": 10,
      "Layer_2": 5,
      "Activation": "sigmoid",
      "Alpha": 0.00032264263484921133,
      "Time": 75.9400064945221
    },
    "mLSHADE-RL (2024)": {
      "R2": -2111.1819289377286,
      "R2CV": 0.95425816423521,
      "NumLayers": 2,
      "Layer_1": 7,
      "Layer_2": 7,
      "Activation": "sigmoid",
      "Alpha": 0.0009111031692611554,
      "Time": 155.3545949459076
    }
  },
  "4_akh_wqi": {
    "Bayesian": {
      "R2": 0.7976125983491416,
      "R2CV": 0.7573086052468667,
      "NumLayers": 2,
      "Layer_1": 3,
      "Layer_2": 10,
      "Activation": "relu",
      "Alpha": NaN,
      "Time": 153.9825563430786
    },
    "DE": {
      "R2": 0.8319835861557774,
      "R2CV": 0.7349232118251869,
      "NumLayers": 1,
      "Layer_1": 4,
      "Layer_2": 5,
      "Activation": "sigmoid",
      "Alpha": 0.0002942864318919693,