{
  "jajpur": {
    "SHADE": [
      [
        1,
        0.7294903685603862
      ],
      [
        2,
        0.9198382690363619
      ],
      [
        5,
        0.9536313010966702
      ],
      [
        9,
        0.9595832286691044
      ],
      [
        15,
        0.9831076627329937
      ],
      [
        19,
        0.9855986496762326
      ],
      [
        29,
        0.9864556511031447
      ],
      [
        46,
        0.9946449831929908
      ],
      [
        53,
        0.9985353910835711
      ]
    ]
  },
  "indian_river": {
    "SHADE": [
      [
        1,
        0.885004744330354
      ],
      [
        2,
        0.8891453564258641
      ],
      [
        7,
        0.905055286662883
      ],
      [
        27,
        0.9052332231583418
      ],
      [
        35,
        0.9070739133760073
      ]
    ]
  },
  "uci_water_quality": {
    "SHADE": [
      [
        1,
        0.8381510057476299
      ],
      [
        2,
        0.8506447755641129
      ],
      [
        12,
        0.8509354609093728
      ],
      [
        22,
        0.8514748236389754
      ]
    ]
  }
}