{
  "jajpur": {
    "Bayesian": {
      "R2": 0.9999999659772377,
      "R2CV": 0.9969986869558024,
      "NumLayers": 2,
      "Layer_1": 3,
      "Layer_2": 4,
      "Activation": "relu",
      "Alpha": NaN,
      "Time": 127.87101078033447
    },
    "DE": {
      "R2": 0.9999999979776033,
      "R2CV": 0.9972042360790774,
      "NumLayers": 1,
      "Layer_1": 4,
      "Layer_2": 5,
      "Activation": "relu",
      "Alpha": 6.072507904867333e-06,
      "Time": 109.55749845504761
    },
    "SHADE": {
      "R2": 0.9999999649810374,
      "R2CV": 0.998765924952631,
      "NumLayers": 1,
      "Layer_1": 4,
      "Layer_2": 3,
      "Activation": "relu",
      "Alpha": 1.3706859653339881e-06,
      "Time": 26.839180946350098
    },
    "L-SHADE": {
      "R2": 0.9999996979739944,
      "R2CV": 0.9976448236118456,
      "NumLayers": 1,
      "Layer_1": 9,
      "Layer_2": 5,
      "Activation": "relu",
      "Alpha": 0.03290722012797672,
      "Time": 27.644169092178345
    },
    "CMA-ES": {
      "R2": 0.9999991257984676,
      "R2CV": 0.9985993292080845,
      "NumLayers": 1,
      "Layer_1": 6,
      "Layer_2": 5,
      "Activation": "relu",
      "Alpha": 0.08620349795567117,
      "Time": 26.53959584236145
    },
    "JADE": {
      "R2": 0.9999999139385555,
      "R2CV": 0.9952223302670786,
      "NumLayers": 2,
      "Layer_1": 9,
      "Layer_2": 6,
      "Activation": "relu",
      "Alpha": 0.04623194195322538,
      "Time": 30.17386221885681
    },
    "SaDE": {
      "R2": 0.9989399219821297,
      "R2CV": 0.9841912377218173,
      "NumLayers": 1,
      "Layer_1": 9,
      "Layer_2": 8,
      "Activation": "relu",
      "Alpha": 0.00028747591026405124,
      "Time": 42.033382415771484
    }
  },
  "wqi_dataset": {
    "Bayesian": {
      "R2": 0.9744464240968307,
      "R2CV": 0.9542294095191256,
      "NumLayers": 2,
      "Layer_1": 3,
      "Layer_2": 10,
      "Activation": "tanh",
      "Alpha": NaN,
      "Time": 429.9216368198395
    },
    "DE": {
      "R2": 0.9735766173240651,
      "R2CV": 0.9584645661131246,
      "NumLayers": 2,
      "Layer_1": 2,
      "Layer_2": 5,
      "Activation": "sigmoid",
      "Alpha": 7.421063353296878e-06,
      "Time": 375.5097596645355
    },
    "SHADE": {
      "R2": 0.991784799723248,
      "R2CV": 0.9513645569701037,
      "NumLayers": 1,
      "Layer_1": 8,
      "Layer_2": 5,
      "Activation": "sigmoid",
      "Alpha": 0.04311674638736543,
      "Time": 82.50730490684509
    },
    "L-SHADE": {
      "R2": 0.9915848678007702,
      "R2CV": 0.8986929889406635,
      "NumLayers": 1,
      "Layer_1": 8,
      "Layer_2": 3,
      "Activation": "sigmoid",
      "Alpha": 0.00315349248303333,
      "Time": 84.9282009601593
    },
    "CMA-ES": {
      "R2": 0.9920685173058041,
      "R2CV": 0.9188774583095644,
      "NumLayers": 1,
      "Layer_1": 8,
      "Layer_2": 5,
      "Activation": "sigmoid",
      "Alpha": 0.017681785819286304,
      "Time": 72.44907355308533
    },
    "JADE": {
      "R2": 0.9926136715316809,
      "R2CV": 0.9142555246753797,
      "NumLayers": 1,
      "Layer_1": 8,
      "Layer_2": 9,
      "Activation": "sigmoid",
      "Alpha": 0.0006069346163702207,
      "Time": 72.57031440734863
    },
    "SaDE": {
      "R2": 0.9924479575208378,
      "R2CV": 0.9030926611344413,
      "NumLayers": 1,
      "Layer_1": 8,
      "Layer_2": 5,
      "Activation": "sigmoid",
      "Alpha": 5.3543636267267604e-05,
      "Time": 82.43685293197632
    }
  },
  "akh_wqi": {
    "Bayesian": {
      "R2": 0.7976125983491416,
      "R2CV": 0.7573086052468667,
      "NumLayers": 2,
      "Layer_1": 3,
      "Layer_2": 10,
      "Activation": "relu",
      "Alpha": NaN,
      "Time": 415.78647804260254
    },
    "DE": {
      "R2": 0.8319835861557774,
      "R2CV": 0.7349232118251869,
      "NumLayers": 1,
      "Layer_1": 4,
      "Layer_2": 5,
      "Activation": "sigmoid",
      "Alpha": 0.0002942864318919693,
      "Time": 384.8919355869293
    },
    "SHADE": {
      "R2": 0.8494718590410856,
      "R2CV": 0.7460350401518545,
      "NumLayers": 1,
      "Layer_1": 8,
      "Layer_2": 9,
      "Activation": "sigmoid",
      "Alpha": 3.7037300173025883e-06,
      "Time": 82.93453526496887
    },
    "L-SHADE": {
      "R2": 0.832635105391767,
      "R2CV": 0.7446295159801519,
      "NumLayers": 1,
      "Layer_1": 8,
      "Layer_2": 6,
      "Activation": "sigmoid",
      "Alpha": 2.415909556013561e-06,
      "Time": 72.06170606613159
    },
    "CMA-ES": {
      "R2": 0.8614798001120679,
      "R2CV": 0.7169056085189056,
      "NumLayers": 2,
      "Layer_1": 5,
      "Layer_2": 9,
      "Activation": "tanh",
      "Alpha": 0.004454572307121212,
      "Time": 77.52097249031067
    },
    "JADE": {
      "R2": 0.7600332265187898,
      "R2CV": 0.7232040911359413,
      "NumLayers": 1,
      "Layer_1": 3,
      "Layer_2": 5,
      "Activation": "relu",
      "Alpha": 6.471546423578976e-05,
      "Time": 55.535364866256714
    },
    "SaDE": {
      "R2": 0.8482580124262503,
      "R2CV": 0.7348184870916196,
      "NumLayers": 1,
      "Layer_1": 8,
      "Layer_2": 8,
      "Activation": "sigmoid",
      "Alpha": 3.372600458410173e-06,
      "Time": 74.15347123146057
    }
  }
}