{
  "1_jajpur": {
    "CPO": {
      "R2": 0.999999993056303,
      "R2CV": 0.9953018579741942,
      "RMSE": 0.0011021203969249274,
      "MAE": 0.0005376810577167909,
      "NumLayers": 1,
      "Layer_1": 4,
      "Layer_2": 7,
      "Activation": "relu",
      "Alpha": 1e-06,
      "Time": 18.233334064483643
    },
    "NRBO": {
      "R2": 0.9999999870960794,
      "R2CV": 0.9982293632444605,
      "RMSE": 0.001502430877497896,
      "MAE": 0.0005995118391403188,
      "NumLayers": 1,
      "Layer_1": 4,
      "Layer_2": 10,
      "Activation": "relu",
      "Alpha": 0.0021501334971713686,
      "Time": 16.365205764770508
    },
    "INFO": {
      "R2": 0.9999998033970304,
      "R2CV": 0.9913622130160369,
      "RMSE": 0.0058644690138486685,
      "MAE": 0.0036390475370375276,
      "NumLayers": 2,
      "Layer_1": 7,
      "Layer_2": 6,
      "Activation": "relu",
      "Alpha": 5.1294087544095685e-05,
      "Time": 19.211814880371094
    }
  },
  "2_wqi_dataset": {
    "CPO": {
      "R2": 0.9905127546034231,
      "R2CV": 0.7177018914265416,
      "RMSE": 0.6604417984349176,
      "MAE": 0.4259705019707449,
      "NumLayers": 2,
      "Layer_1": 10,
      "Layer_2": 5,
      "Activation": "relu",
      "Alpha": 0.1,
      "Time": 26.32519268989563
    },
    "NRBO": {
      "R2": 0.9914820751324265,
      "R2CV": 0.8622022545391819,
      "RMSE": 0.6257939883320932,
      "MAE": 0.41269634570323205,
      "NumLayers": 2,
      "Layer_1": 10,
      "Layer_2": 5,
      "Activation": "relu",
      "Alpha": 0.024096044772653213,
      "Time": 29.069318771362305
    },
    "INFO": {
      "R2": 0.9916606734906052,
      "R2CV": 0.8964421228119338,
      "RMSE": 0.6191986107923736,
      "MAE": 0.4234501444520902,
      "NumLayers": 1,
      "Layer_1": 8,
      "Layer_2": 7,
      "Activation": "sigmoid",
      "Alpha": 0.004187347669906156,
      "Time": 29.475987911224365
    }
  },
  "3_sample_dataset": {
    "CPO": {
      "R2": -2118.368726205007,
      "R2CV": 0.9433885330673613,
      "RMSE": 0.4853064272664231,
      "MAE": 0.2791942195820684,
      "NumLayers": 1,
      "Layer_1": 10,
      "Layer_2": 6,
      "Activation": "sigmoid",
      "Alpha": 0.0001098206509985438,
      "Time": 88.11216998100281
    },
    "NRBO": {
      "R2": -2115.1528980989992,
      "R2CV": 0.9553228083628671,
      "RMSE": 0.5541309398581594,
      "MAE": 0.3228780886442733,
      "NumLayers": 1,
      "Layer_1": 10,
      "Layer_2": 8,
      "Activation": "sigmoid",
      "Alpha": 0.007416183031082317,
      "Time": 128.95014142990112
    },
    "INFO": {
      "R2": -2101.190339586053,
      "R2CV": 0.9453113967949689,
      "RMSE": 0.842212113864643,
      "MAE": 0.5226274045267097,
      "NumLayers": 1,
      "Layer_1": 6,
      "Layer_2": 7,
      "Activation": "sigmoid",
      "Alpha": 7.267807861940338e-05,
      "Time": 66.90501260757446
    }
  },
  "4_akh_wqi": {
    "CPO": {
      "R2": 0.8152732442748222,
      "R2CV": 0.7362766261894633,
      "RMSE": 11.070109153417201,
      "MAE": 8.368819804051403,
      "NumLayers": 1,
      "Layer_1": 7,
      "Layer_2": 2,
      "Activation": "sigmoid",
      "Alpha": 0.003417381773254664,
      "Time": 26.49035382270813
    },
    "NRBO": {
      "R2": 0.8495941251186504,
      "R2CV": 0.7327893932501317,
      "RMSE": 9.988939936946725,
      "MAE": 7.474369747779128,
      "NumLayers": 2,
      "Layer_1": 7,
      "Layer_2": 5,
      "Activation": "relu",
      "Alpha": 9.025683617492176e-06,
      "Time": 29.566486120224
    },
    "INFO": {
      "R2": 0.8318176917317714,
      "R2CV": 0.7212677206233614,
      "RMSE": 10.56275377076196,
      "MAE": 8.08955674033282,
      "NumLayers": 1,
      "Layer_1": 4,
      "Layer_2": 5,
      "Activation": "sigmoid",
      "Alpha": 0.00018010639811209337,
      "Time": 23.179282903671265
    }
  }
}