{
  "AKH": {
    "dataset": "AKH",
    "n_test": 132,
    "n_difficult": 6,
    "difficult_ratio": 0.045454545454545456,
    "r2_per_model": {
      "DE": 0.6880311034154447,
      "SHADE": 0.7271072635785107,
      "APSM-jSO": 0.7271072635785107,
      "CMA-ES": 0.7130019352652641,
      "NRBO": 0.7271072635785107
    },
    "ensemble_r2": 0.7553320975979143,
    "difficult_indices": [
      17,
      35,
      41,
      59,
      81,
      90
    ],
    "difficult_wqi": [
      0.7,
      17.35,
      67.63,
      0.42,
      18.02,
      45.43
    ]
  },
  "WQI": {
    "dataset": "WQI",
    "n_test": 101,
    "n_difficult": 6,
    "difficult_ratio": 0.0594059405940594,
    "r2_per_model": {
      "DE": 0.9495828245490394,
      "SHADE": 0.9270431570580975,
      "APSM-jSO": 0.959814301711448,
      "CMA-ES": 0.9516681964319931,
      "NRBO": 0.9576732343787193
    },
    "ensemble_r2": 0.9641499051619054,
    "difficult_indices": [
      6,
      30,
      40,
      53,
      70,
      71
    ],
    "difficult_wqi": [
      80.91880248,
      94.16726508,
      94.16726508,
      78.84118801,
      94.14957798,
      94.16767406
    ]
  }
}