{
  "1_jajpur": {
    "R2": 0.999935632828612,
    "R2CV": 0.9991469107210774,
    "RMSE": 0.3863055087801256,
    "MAE": 0.21081292539188992,
    "NumLayers": -1,
    "Layer_1": -1,
    "Layer_2": -1,
    "Activation": "Ensemble-Stacking",
    "Alpha": -1,
    "algo_r2cv": {
      "DE": 0.9977652004064913,
      "SHADE": 0.998561731087289,
      "APSM-jSO (2023)": 0.9843405944897547,
      "CMA-ES": 0.998773191595656
    },
    "meta_coef": [
      -3.4006296259201396,
      10.795812754413578,
      0.4924569383895214,
      5.335421047094542
    ],
    "meta_intercept": 44.16096984822659,
    "Time": 14.04550838470459
  },
  "2_wqi_dataset": {
    "R2": 0.9862619267611552,
    "R2CV": 0.9703012252225917,
    "RMSE": 1.168513544345792,
    "MAE": 0.6878840976061438,
    "NumLayers": -1,
    "Layer_1": -1,
    "Layer_2": -1,
    "Activation": "Ensemble-Stacking",
    "Alpha": -1,
    "algo_r2cv": {
      "DE": 0.9572972252931953,
      "SHADE": 0.9504215439490895,
      "APSM-jSO (2023)": 0.9093961485796042,
      "CMA-ES": 0.9166491076516492
    },
    "meta_coef": [
      3.7378367714785017,
      2.661798305348415,
      -0.3051389900171968,
      0.6395670502580527
    ],
    "meta_intercept": 80.28157452738522,
    "Time": 35.31634783744812
  },
  "3_sample_dataset": {
    "R2": 0.9876347698910242,
    "R2CV": 0.9744485008591534,
    "RMSE": 0.86324393883388,
    "MAE": 0.457822946827978,
    "NumLayers": -1,
    "Layer_1": -1,
    "Layer_2": -1,
    "Activation": "Ensemble-Stacking",
    "Alpha": -1,
    "algo_r2cv": {
      "DE": 0.9693274786143797,
      "SHADE": 0.9628420512339282,
      "APSM-jSO (2023)": 0.9461079256526379,
      "CMA-ES": 0.955172255131559
    },
    "meta_coef": [
      2.760020377226046,
      0.8778540591041877,
      0.8018012169834182,
      0.9243687301645872
    ],
    "meta_intercept": 62.55882905246241,
    "Time": 84.31202840805054
  },
  "4_akh_wqi": {
    "R2": 0.8688503582074594,
    "R2CV": 0.7919388747081464,
    "RMSE": 11.748501404843205,
    "MAE": 8.840710778391044,
    "NumLayers": -1,
    "Layer_1": -1,
    "Layer_2": -1,
    "Activation": "Ensemble-Stacking",
    "Alpha": -1,
    "algo_r2cv": {
      "DE": 0.7315066985619749,
      "SHADE": 0.7440011395237336,
      "APSM-jSO (2023)": 0.7543654514646913,
      "CMA-ES": 0.714668327908999
    },
    "meta_coef": [
      2.841468315301594,
      7.583292143486853,
      8.378048207828884,
      4.841696778902558
    ],
    "meta_intercept": 42.15916286149165,
    "Time": 32.538527488708496
  }
}