{
  "ensemble_results": {
    "1_jajpur": {
      "SimpleAvg": {
        "R2": 0.9984175845830594,
        "R2CV": 0.9983272945898388,
        "RMSE": 0.5261310248596758,
        "MAE": 0.33069183914491573
      },
      "WeightedR2CV": {
        "R2": 0.9984250772292234,
        "R2CV": 0.9983393918690897,
        "RMSE": 0.524883946796704,
        "MAE": 0.3292459484043548
      },
      "WeightedR2CV2": {
        "R2": 0.9984324337961664,
        "R2CV": 0.9983512913428981,
        "RMSE": 0.5236566283296986,
        "MAE": 0.3278065187307112
      },
      "LRStacking": {
        "R2": 0.9991479536717974,
        "R2CV": 0.9989719493891899,
        "RMSE": 0.3860692962082457,
        "MAE": 0.21117774720186844
      },
      "RidgeStacking": {
        "R2": 0.9987458421096477,
        "R2CV": 0.998654810616997,
        "RMSE": 0.46839232121447527,
        "MAE": 0.2983255233453404
      }
    },
    "2_wqi_dataset": {
      "SimpleAvg": {
        "R2": 0.9638649894113652,
        "R2CV": 0.9632067014944423,
        "RMSE": 1.2889277603332285,
        "MAE": 0.6983988905784213
      },
      "WeightedR2CV": {
        "R2": 0.9642612568113846,
        "R2CV": 0.9636040751160418,
        "RMSE": 1.2818408927471632,
        "MAE": 0.6964812365304948
      },
      "WeightedR2CV2": {
        "R2": 0.9646438402991522,
        "R2CV": 0.9639874003423629,
        "RMSE": 1.2749613741679335,
        "MAE": 0.6946682828370404
      },
      "LRStacking": {
        "R2": 0.9716867327147103,
        "R2CV": 0.9709224467140734,
        "RMSE": 1.1409312581539042,
        "MAE": 0.6799466932534428
      },
      "RidgeStacking": {
        "R2": 0.9716691020302459,
        "R2CV": 0.9708958091451916,
        "RMSE": 1.1412864320784288,
        "MAE": 0.6788513202032034
      }
    },
    "3_sample_dataset": {
      "SimpleAvg": {
        "R2": 0.9738223396934739,
        "R2CV": -418.262931700423,
        "RMSE": 0.8737571822547052,
        "MAE": 0.44074938932224855
      },
      "WeightedR2CV": {
        "R2": 0.9738573985009965,
        "R2CV": -418.2663239780648,
        "RMSE": 0.8731718902963738,
        "MAE": 0.44054798552202873
      },
      "WeightedR2CV2": {
        "R2": 0.9738918180452633,
        "R2CV": -418.26997364414746,
        "RMSE": 0.8725968886570351,
        "MAE": 0.44035466840700654
      },
      "LRStacking": {
        "R2": 0.975146272796008,
        "R2CV": 0.975274611644337,
        "RMSE": 0.8513754215873057,
        "MAE": 0.4407001016664665
      },
      "RidgeStacking": {
        "R2": 0.9751425171871331,
        "R2CV": 0.975271229168914,
        "RMSE": 0.85143974417929,
        "MAE": 0.44004240814237516
      }
    },
    "4_akh_wqi": {
      "SimpleAvg": {
        "R2": 0.7921162399119003,
        "R2CV": 0.7897771278178061,
        "RMSE": 11.743492733426894,
        "MAE": 8.847236119273127
      },
      "WeightedR2CV": {
        "R2": 0.7921966320370591,
        "R2CV": 0.7898587260081508,
        "RMSE": 11.74122181137849,
        "MAE": 8.845872278590596
      },
      "WeightedR2CV2": {
        "R2": 0.7922683106763077,
        "R2CV": 0.7899315433025019,
        "RMSE": 11.739196657991455,
        "MAE": 8.844687872772269
      },
      "LRStacking": {
        "R2": 0.7939610320001925,
        "R2CV": 0.7915856563543315,
        "RMSE": 11.691269846938646,
        "MAE": 8.751610877696956
      },
      "RidgeStacking": {
        "R2": 0.7939600793697635,
        "R2CV": 0.7915856766420982,
        "RMSE": 11.691296874463205,
        "MAE": 8.751812427164325
      }
    }
  },
  "single_algo_r2cv": {
    "1_jajpur": {
      "DE": 0.9977652004064913,
      "SHADE": 0.998561731087289,
      "APSM-jSO": 0.9843405944897547,
      "CMA-ES": 0.998773191595656,
      "Bayesian": 0.9916985538712749
    },
    "2_wqi_dataset": {
      "DE": 0.9572972252931953,
      "SHADE": 0.9504215439490895,
      "APSM-jSO": 0.9093961485796042,
      "CMA-ES": 0.9166491076516492,
      "Bayesian": 0.9506607039638979
    },
    "3_sample_dataset": {
      "DE": 0.9693274786143797,
      "SHADE": 0.9628420512339282,
      "APSM-jSO": 0.9461079256526379,
      "CMA-ES": 0.955172255131559,
      "Bayesian": 0.9583458898929823
    },
    "4_akh_wqi": {
      "DE": 0.7315066985619749,
      "SHADE": 0.7440011395237336,
      "APSM-jSO": 0.7543654514646913,
      "CMA-ES": 0.714668327908999,
      "Bayesian": 0.7369548708076581
    }
  }
}