{
  "1_jajpur": {
    "GA": {
      "R2": 0.9999999359663474,
      "R2CV": 0.9908548697414167,
      "RMSE": 0.003346861934105799,
      "MAE": 0.0022877345123807195,
      "NumLayers": 2,
      "Layer_1": 7,
      "Layer_2": 6,
      "Activation": "relu",
      "Alpha": 0.0007992493267673094,
      "Time": 29.342456340789795
    },
    "PSO": {
      "R2": 0.9999970877146382,
      "R2CV": 0.9985938193908735,
      "RMSE": 0.02257099075710468,
      "MAE": 0.01299282721511988,
      "NumLayers": 1,
      "Layer_1": 6,
      "Layer_2": 6,
      "Activation": "relu",
      "Alpha": 0.1,
      "Time": 29.435395002365112
    },
    "BOA": {
      "R2": 0.9999998499117873,
      "R2CV": 0.9885553716778422,
      "RMSE": 0.00512397441218379,
      "MAE": 0.0037431256285432478,
      "NumLayers": 2,
      "Layer_1": 7,
      "Layer_2": 6,
      "Activation": "relu",
      "Alpha": 0.0008565943440779819,
      "Time": 34.82163429260254
    }
  },
  "2_wqi_dataset": {
    "GA": {
      "R2": 0.9901470898486531,
      "R2CV": 0.7844544333880001,
      "RMSE": 0.6730490963656377,
      "MAE": 0.43922235315343056,
      "NumLayers": 2,
      "Layer_1": 10,
      "Layer_2": 5,
      "Activation": "relu",
      "Alpha": 0.037055804119079924,
      "Time": 59.72597599029541
    },
    "PSO": {
      "R2": 0.9907135795702311,
      "R2CV": 0.9284124324623131,
      "RMSE": 0.6534143306887875,
      "MAE": 0.4205579719132915,
      "NumLayers": 2,
      "Layer_1": 9,
      "Layer_2": 4,
      "Activation": "relu",
      "Alpha": 0.00017773268210455673,
      "Time": 65.12517857551575
    },
    "BOA": {
      "R2": 0.9922261991569012,
      "R2CV": 0.9092497731076917,
      "RMSE": 0.5978347967604419,
      "MAE": 0.4080139852436867,
      "NumLayers": 1,
      "Layer_1": 8,
      "Layer_2": 2,
      "Activation": "sigmoid",
      "Alpha": 7.399949485120383e-06,
      "Time": 126.22057890892029
    }
  },
  "3_sample_dataset": {
    "GA": {
      "R2": -2106.4754561248537,
      "R2CV": 0.9239362806334772,
      "RMSE": 0.7949233907549208,
      "MAE": 0.4944508653056001,
      "NumLayers": 1,
      "Layer_1": 6,
      "Layer_2": 8,
      "Activation": "sigmoid",
      "Alpha": 1.18606120264866e-06,
      "Time": 145.40097975730896
    },
    "PSO": {
      "R2": -2113.059125630704,
      "R2CV": 0.9594403585443565,
      "RMSE": 0.6218850815133827,
      "MAE": 0.36728688761951517,
      "NumLayers": 2,
      "Layer_1": 6,
      "Layer_2": 6,
      "Activation": "sigmoid",
      "Alpha": 9.159165382438091e-06,
      "Time": 101.76869559288025
    },
    "BOA": {
      "R2": -2117.8445883272507,
      "R2CV": 0.953018595846362,
      "RMSE": 0.4937487705361243,
      "MAE": 0.2885149645001302,
      "NumLayers": 2,
      "Layer_1": 8,
      "Layer_2": 4,
      "Activation": "sigmoid",
      "Alpha": 8.866626405813734e-06,
      "Time": 160.28637099266052
    }
  },
  "4_akh_wqi": {
    "GA": {
      "R2": 0.8373830075879454,
      "R2CV": 0.7356863768307227,
      "RMSE": 10.386517661262845,
      "MAE": 7.917633465223504,
      "NumLayers": 1,
      "Layer_1": 7,
      "Layer_2": 3,
      "Activation": "sigmoid",
      "Alpha": 0.008879746753053443,
      "Time": 71.84695410728455
    },
    "PSO": {
      "R2": 0.8448471897232889,
      "R2CV": 0.7394175878326466,
      "RMSE": 10.145345109471693,
      "MAE": 7.766567620755015,
      "NumLayers": 1,
      "Layer_1": 8,
      "Layer_2": 4,
      "Activation": "sigmoid",
      "Alpha": 0.00017773268210455673,
      "Time": 78.08088612556458
    },
    "BOA": {
      "R2": 0.8375732970814782,
      "R2CV": 0.7389183588933715,
      "RMSE": 10.380438887794387,
      "MAE": 7.838814834601337,
      "NumLayers": 1,
      "Layer_1": 8,
      "Layer_2": 2,
      "Activation": "sigmoid",
      "Alpha": 0.0012869913904486776,
      "Time": 76.73120737075806
    }
  }
}