{
  "RIME (2023)": {
    "R2": 0.8931692541938948,
    "R2CV": 0.5344302359683594,
    "RMSE": 4.32296569726656,
    "MAE": 3.278755746760296,
    "NumLayers": 2,
    "Layer_1": 22,
    "Layer_2": 10,
    "Activation": "relu",
    "Alpha": 0.0001,
    "Time": 114.50871872901917
  },
  "INFO (2022)": {
    "R2": NaN,
    "R2CV": NaN,
    "RMSE": NaN,
    "MAE": NaN,
    "Error": "list index out of range"
  },
  "GJO (2022)": {
    "R2": 0.9075914249663215,
    "R2CV": 0.5364737081550087,
    "RMSE": 4.020590072234957,
    "MAE": 3.075376665678926,
    "NumLayers": 2,
    "Layer_1": 21,
    "Layer_2": 50,
    "Activation": "relu",
    "Alpha": 0.0032007380997857936,
    "Time": 227.60746049880981
  }
}