{
  "1_jajpur": {
    "SimpleAvg": {
      "R2": 0.9974090967882685,
      "R2CV": 0.9974090967882685,
      "RMSE": 0.451995797173739,
      "MAE": 0.29032571817690495,
      "Method": "SimpleAvg"
    },
    "WeightedAvg": {
      "R2": 0.9973862200983389,
      "R2CV": 0.9973862200983389,
      "RMSE": 0.4539868871791122,
      "MAE": 0.29186485728150446,
      "Method": "WeightedAvg",
      "Weights": {
        "DE": 0.19552847653607136,
        "SHADE": 0.19964883246981927,
        "APSM-jSO": 0.20201492876879146,
        "CMA-ES": 0.20203210013053058,
        "NRBO": 0.20077566209478728
      }
    },
    "LRStacking": {
      "R2": 0.9940237435564816,
      "R2CV": 0.9940237435564816,
      "RMSE": 0.686472927175211,
      "MAE": 0.4658814340554644,
      "Method": "LRStacking",
      "Coefs": {
        "DE": -0.24088428813130983,
        "SHADE": -0.0179695487221313,
        "APSM-jSO": 0.30472586933117407,
        "CMA-ES": 0.34392409459238826,
        "NRBO": 0.6063333575316686
      }
    },
    "RidgeStacking": {
      "R2": 0.9940905644293272,
      "R2CV": 0.9940905644293272,
      "RMSE": 0.682624392286713,
      "MAE": 0.46087259634239996,
      "Method": "RidgeStacking",
      "Coefs": {
        "DE": -0.23217381641623014,
        "SHADE": -0.010851143051883129,
        "APSM-jSO": 0.3124432687946583,
        "CMA-ES": 0.3408134558502313,
        "NRBO": 0.5860629929654514
      }
    },
    "BestSingle": {
      "Algorithm": "DE",
      "R2CV": 0.998660777717539,
      "Time": 0
    }
  },
  "2_wqi_dataset": {
    "SimpleAvg": {
      "R2": 0.9641499051619054,
      "R2CV": 0.9641499051619054,
      "RMSE": 1.2381106648176798,
      "MAE": 0.7785625078903385,
      "Method": "SimpleAvg"
    },
    "WeightedAvg": {
      "R2": 0.9641365090698718,
      "R2CV": 0.9641365090698718,
      "RMSE": 1.2383419653954229,
      "MAE": 0.7785500166018747,
      "Method": "WeightedAvg",
      "Weights": {
        "DE": 0.19991823805256512,
        "SHADE": 0.201465422789171,
        "APSM-jSO": 0.20084948372999312,
        "CMA-ES": 0.20130698873173858,
        "NRBO": 0.19645986669653212
      }
    },
    "LRStacking": {
      "R2": 0.9638392810174093,
      "R2CV": 0.9638392810174093,
      "RMSE": 1.2434629182926806,
      "MAE": 0.762689972469738,
      "Method": "LRStacking",
      "Coefs": {
        "DE": 0.3888800417853639,
        "SHADE": 0.3740942619401884,
        "APSM-jSO": 0.31036588430534484,
        "CMA-ES": 0.3384656010691046,
        "NRBO": -0.4255033278041711
      }
    },
    "RidgeStacking": {
      "R2": 0.9638661926522226,
      "R2CV": 0.9638661926522226,
      "RMSE": 1.2430001253875826,
      "MAE": 0.7625391547498078,
      "Method": "RidgeStacking",
      "Coefs": {
        "DE": 0.3886736577864533,
        "SHADE": 0.37351312220740296,
        "APSM-jSO": 0.3103721873276972,
        "CMA-ES": 0.33701626148389674,
        "NRBO": -0.42326129540769014
      }
    },
    "BestSingle": {
      "Algorithm": "APSM-jSO",
      "R2CV": 0.959814301711448,
      "Time": 0
    }
  },
  "3_sample_dataset": {
    "SimpleAvg": {
      "R2": 0.951227182283784,
      "R2CV": 0.951227182283784,
      "RMSE": 1.2157675734282911,
      "MAE": 0.5599163809156775,
      "Method": "SimpleAvg"
    },
    "WeightedAvg": {
      "R2": 0.9512375250593281,
      "R2CV": 0.9512375250593281,
      "RMSE": 1.2156386586103813,
      "MAE": 0.5598417794868075,
      "Method": "WeightedAvg",
      "Weights": {
        "DE": 0.20116204430727216,
        "SHADE": 0.19931396067303728,
        "APSM-jSO": 0.19879307486474057,
        "CMA-ES": 0.1996939023722324,
        "NRBO": 0.20103701778271763
      }
    },
    "LRStacking": {
      "R2": 0.9506498552071727,
      "R2CV": 0.9506498552071727,
      "RMSE": 1.2229419656300267,
      "MAE": 0.5666088448060712,
      "Method": "LRStacking",
      "Coefs": {
        "DE": 0.21564953243219853,
        "SHADE": 0.2779680180552934,
        "APSM-jSO": 0.10787720762525567,
        "CMA-ES": 0.07875030199645727,
        "NRBO": 0.31845684084583165
      }
    },
    "RidgeStacking": {
      "R2": 0.9506498583116165,
      "R2CV": 0.9506498583116165,
      "RMSE": 1.2229419271645403,
      "MAE": 0.5665655775634222,
      "Method": "RidgeStacking",
      "Coefs": {
        "DE": 0.215575948227953,
        "SHADE": 0.2778964497939147,
        "APSM-jSO": 0.10799491453691128,
        "CMA-ES": 0.07904183049145207,
        "NRBO": 0.3181785220039682
      }
    },
    "BestSingle": {
      "Algorithm": "DE",
      "R2CV": 0.9586833178293278,
      "Time": 0
    }
  },
  "4_akh_wqi": {
    "SimpleAvg": {
      "R2": 0.7553320975979143,
      "R2CV": 0.7553320975979143,
      "RMSE": 12.841076783476154,
      "MAE": 9.35382079158835,
      "Method": "SimpleAvg"
    },
    "WeightedAvg": {
      "R2": 0.7554242445298087,
      "R2CV": 0.7554242445298087,
      "RMSE": 12.838658449792604,
      "MAE": 9.3550629703203,
      "Method": "WeightedAvg",
      "Weights": {
        "DE": 0.19672157991182704,
        "SHADE": 0.2015889989200787,
        "APSM-jSO": 0.2013453428207151,
        "CMA-ES": 0.2028245849654512,
        "NRBO": 0.19751949338192806
      }
    },
    "LRStacking": {
      "R2": 0.75903856052895,
      "R2CV": 0.75903856052895,
      "RMSE": 12.743441158729423,
      "MAE": 9.3387024786163,
      "Method": "LRStacking",
      "Coefs": {
        "DE": 0.25274042250258927,
        "SHADE": 0.2735117762883588,
        "APSM-jSO": 0.09042099999887873,
        "CMA-ES": 0.38495339597252765,
        "NRBO": 0.010049350782628697
      }
    },
    "RidgeStacking": {
      "R2": 0.7590386807728409,
      "R2CV": 0.7590386807728409,
      "RMSE": 12.743437979131182,
      "MAE": 9.338686582813542,
      "Method": "RidgeStacking",
      "Coefs": {
        "DE": 0.25274267700470815,
        "SHADE": 0.2735013268001789,
        "APSM-jSO": 0.09043275808401197,
        "CMA-ES": 0.3849340948221916,
        "NRBO": 0.010064451155198311
      }
    },
    "BestSingle": {
      "Algorithm": "SHADE",
      "R2CV": 0.7271072635785107,
      "Time": 0
    }
  }
}