{
    "Jajpur": {
        "BOA": {
            "R2": 0.9999998499117873,
            "R2CV": 0.9885553716778422,
            "NumLayers": 2,
            "Layer_1": 7,
            "Layer_2": 6,
            "Activation": "relu",
            "Alpha": 0.0008565943440779819
        },
        "HHO-Lite": {
            "R2": 0.9999999933693443,
            "R2CV": 0.9928171661468855,
            "NumLayers": 1,
            "Layer_1": 6,
            "Layer_2": 6,
            "Activation": "relu",
            "Alpha": 5.937619238485089e-06
        },
        "SSA-V2": {
            "R2": 0.9999999700867226,
            "R2CV": 0.9964901908558368,
            "NumLayers": 1,
            "Layer_1": 4,
            "Layer_2": 5,
            "Activation": "relu",
            "Alpha": 3.2180917908408736e-06
        }
    },
    "WQI": {
        "BOA": {
            "R2": 0.9922261991569012,
            "R2CV": 0.9092497731076917,
            "NumLayers": 1,
            "Layer_1": 8,
            "Layer_2": 2,
            "Activation": "sigmoid",
            "Alpha": 7.399949485120383e-06
        },
        "HHO-Lite": {
            "R2": 0.9914820751324265,
            "R2CV": 0.8622022545391819,
            "NumLayers": 2,
            "Layer_1": 10,
            "Layer_2": 5,
            "Activation": "relu",
            "Alpha": 0.024096044772653213
        },
        "SSA-V2": {
            "R2": 0.9761200355409028,
            "R2CV": 0.9412218673128521,
            "NumLayers": 1,
            "Layer_1": 3,
            "Layer_2": 4,
            "Activation": "sigmoid",
            "Alpha": 0.0439134309246342
        }
    },
    "Sample": {
        "BOA": {
            "R2": -2117.8445883272507,
            "R2CV": 0.953018595846362,
            "NumLayers": 2,
            "Layer_1": 8,
            "Layer_2": 4,
            "Activation": "sigmoid",
            "Alpha": 8.866626405813734e-06
        },
        "HHO-Lite": {
            "R2": -2118.8309673598947,
            "R2CV": 0.9622870168131381,
            "NumLayers": 2,
            "Layer_1": 8,
            "Layer_2": 4,
            "Activation": "sigmoid",
            "Alpha": 1e-06
        },
        "SSA-V2": {
            "R2": -2100.230575492427,
            "R2CV": 0.9558685688089336,
            "NumLayers": 2,
            "Layer_1": 6,
            "Layer_2": 5,
            "Activation": "sigmoid",
            "Alpha": 0.0037141471314601792
        }
    },
    "AKH": {
        "BOA": {
            "R2": 0.8375732970814782,
            "R2CV": 0.7389183588933715,
            "NumLayers": 1,
            "Layer_1": 8,
            "Layer_2": 2,
            "Activation": "sigmoid",
            "Alpha": 0.0012869913904486776
        },
        "HHO-Lite": {
            "R2": 0.8324817599476803,
            "R2CV": 0.7304695737208278,
            "NumLayers": 1,
            "Layer_1": 7,
            "Layer_2": 3,
            "Activation": "sigmoid",
            "Alpha": 0.00315349248303333
        },
        "SSA-V2": {
            "R2": 0.8304454075434926,
            "R2CV": 0.7332693467181601,
            "NumLayers": 1,
            "Layer_1": 4,
            "Layer_2": 4,
            "Activation": "sigmoid",
            "Alpha": 0.011203235219250447
        }
    }
}