{
  "1_jajpur": {
    "SimpleAvg": {
      "R2": 0.999999950311722,
      "R2CV": 0.999999950311722,
      "RMSE": 0.002948225053303849,
      "MAE": 0.002096052858265388,
      "Method": "SimpleAvg"
    },
    "WeightedAvg": {
      "R2": 0.9999999502229515,
      "R2CV": 0.9999999502229515,
      "RMSE": 0.0029508574484082032,
      "MAE": 0.002096095164071766,
      "Method": "WeightedAvg",
      "Weights": {
        "DE": 0.20018737696707928,
        "SHADE": 0.20050088385756804,
        "APSM-jSO": 0.1984511293504076,
        "CMA-ES": 0.2004674399912987,
        "NRBO": 0.20039316983364655
      }
    },
    "LRStacking": {
      "R2": 0.9999999986466563,
      "R2CV": 0.9999999986466563,
      "RMSE": 0.0004865614511759432,
      "MAE": 0.00028793536542826313,
      "Method": "LRStacking",
      "Coefs": {
        "DE": 1.153475825622956,
        "SHADE": -0.16573842123460875,
        "APSM-jSO": 0.010147560691679755,
        "CMA-ES": -0.009221473964775795,
        "NRBO": 0.011336855326137985
      }
    },
    "RidgeStacking": {
      "R2": 0.9999999511281348,
      "R2CV": 0.9999999511281348,
      "RMSE": 0.002923904047747935,
      "MAE": 0.002087519248181303,
      "Method": "RidgeStacking",
      "Coefs": {
        "DE": 0.200587208597005,
        "SHADE": 0.20047658098944807,
        "APSM-jSO": 0.20018758343872078,
        "CMA-ES": 0.19828909661051342,
        "NRBO": 0.20046577835919538
      }
    },
    "BestSingle": {
      "Algorithm": "SHADE",
      "R2CV": 0.998765924952631,
      "Time": 48.27677130699158
    }
  },
  "2_wqi_dataset": {
    "SimpleAvg": {
      "R2": 0.9922426612050574,
      "R2CV": 0.9922426612050574,
      "RMSE": 0.5972014642921968,
      "MAE": 0.3936748156344508,
      "Method": "SimpleAvg"
    },
    "WeightedAvg": {
      "R2": 0.9921581432493876,
      "R2CV": 0.9921581432493876,
      "RMSE": 0.6004459731390817,
      "MAE": 0.3960923670750314,
      "Method": "WeightedAvg",
      "Weights": {
        "DE": 0.2082884511203994,
        "SHADE": 0.2067455146784841,
        "APSM-jSO": 0.19791120940392554,
        "CMA-ES": 0.1996855901902577,
        "NRBO": 0.18736923460693328
      }
    },
    "LRStacking": {
      "R2": 0.9936364888468691,
      "R2CV": 0.9936364888468691,
      "RMSE": 0.5408949031143058,
      "MAE": 0.3587683300235299,
      "Method": "LRStacking",
      "Coefs": {
        "DE": -0.08721647121696474,
        "SHADE": 0.19934478604014672,
        "APSM-jSO": 0.25424127974236954,
        "CMA-ES": 0.23846287083474801,
        "NRBO": 0.39596434272629233
      }
    },
    "RidgeStacking": {
      "R2": 0.9936364565420505,
      "R2CV": 0.9936364565420505,
      "RMSE": 0.5408962760583554,
      "MAE": 0.35878443450344216,
      "Method": "RidgeStacking",
      "Coefs": {
        "DE": -0.08614389007250892,
        "SHADE": 0.20055110366450687,
        "APSM-jSO": 0.2539683394728674,
        "CMA-ES": 0.23870232371618022,
        "NRBO": 0.39372553336229416
      }
    },
    "BestSingle": {
      "Algorithm": "DE",
      "R2CV": 0.9584645661131246,
      "Time": 327.04183530807495
    }
  },
  "3_sample_dataset": {
    "SimpleAvg": {
      "R2": 0.9909928324631301,
      "R2CV": 0.9909928324631301,
      "RMSE": 0.5125302054494091,
      "MAE": 0.2881855940265971,
      "Method": "SimpleAvg"
    },
    "WeightedAvg": {
      "R2": 0.9909627499086158,
      "R2CV": 0.9909627499086158,
      "RMSE": 0.5133853780448239,
      "MAE": 0.2887822272618766,
      "Method": "WeightedAvg",
      "Weights": {
        "DE": 0.2024320878781109,
        "SHADE": 0.20100770978598062,
        "APSM-jSO": 0.19743583443478027,
        "CMA-ES": 0.19960403133014265,
        "NRBO": 0.1995203365709856
      }
    },
    "LRStacking": {
      "R2": 0.9939338307937059,
      "R2CV": 0.9939338307937059,
      "RMSE": 0.4206129161218836,
      "MAE": 0.2375238906482223,
      "Method": "LRStacking",
      "Coefs": {
        "DE": -0.10797830946609109,
        "SHADE": 0.13205538377536374,
        "APSM-jSO": 0.6566176097496029,
        "CMA-ES": -0.09730427501352504,
        "NRBO": 0.4175098339004819
      }
    },
    "RidgeStacking": {
      "R2": 0.9939337377477027,
      "R2CV": 0.9939337377477027,
      "RMSE": 0.4206161418974369,
      "MAE": 0.23729240661116957,
      "Method": "RidgeStacking",
      "Coefs": {
        "DE": -0.10756271543646165,
        "SHADE": 0.13320161790986687,
        "APSM-jSO": 0.6546522258915858,
        "CMA-ES": -0.09359958853522575,
        "NRBO": 0.41422206765042613
      }
    },
    "BestSingle": {
      "Algorithm": "DE",
      "R2CV": 0.969264557278209,
      "Time": 1078.5508358478546
    }
  },
  "4_akh_wqi": {
    "SimpleAvg": {
      "R2": 0.8747739844473679,
      "R2CV": 0.8747739844473679,
      "RMSE": 9.11453008616347,
      "MAE": 6.893625548148936,
      "Method": "SimpleAvg"
    },
    "WeightedAvg": {
      "R2": 0.8745473664658339,
      "R2CV": 0.8745473664658339,
      "RMSE": 9.122773512138371,
      "MAE": 6.899816223263,
      "Method": "WeightedAvg",
      "Weights": {
        "DE": 0.19929078789430676,
        "SHADE": 0.2023040074885936,
        "APSM-jSO": 0.20528813543176558,
        "CMA-ES": 0.19440491369534355,
        "NRBO": 0.19871215548999047
      }
    },
    "LRStacking": {
      "R2": 0.8843432489433026,
      "R2CV": 0.8843432489433026,
      "RMSE": 8.759362421057286,
      "MAE": 6.62798051137241,
      "Method": "LRStacking",
      "Coefs": {
        "DE": 0.032564166714906105,
        "SHADE": 0.31771095413468786,
        "APSM-jSO": -0.11451148911170944,
        "CMA-ES": 0.4085199057109803,
        "NRBO": 0.3855316195121844
      }
    },
    "RidgeStacking": {
      "R2": 0.8843432489127723,
      "R2CV": 0.8843432489127723,
      "RMSE": 8.759362422213407,
      "MAE": 6.627976754670814,
      "Method": "RidgeStacking",
      "Coefs": {
        "DE": 0.03257548748322327,
        "SHADE": 0.3177040742607137,
        "APSM-jSO": -0.11449238176232386,
        "CMA-ES": 0.408509340700238,
        "NRBO": 0.3855186858240413
      }
    },
    "BestSingle": {
      "Algorithm": "APSM-jSO",
      "R2CV": 0.7570395874049687,
      "Time": 59.30741786956787
    }
  }
}