{
  "AKH": {
    "mae_values": {
      "DE": 10.660365290061309,
      "SHADE": 10.067004946899317,
      "APSM-jSO": 10.067004946899317,
      "CMA-ES": 10.357054333822855,
      "NRBO": 10.067004946899317
    },
    "ensemble_mae": 9.35722152359513,
    "best_single_method": "SHADE",
    "best_single_mae": 10.067004946899317,
    "improvement": 7.050591780257371,
    "wilcoxon_p": 0.006266865158133115,
    "friedman_p": 0.004128197365354078
  },
  "WQI": {
    "mae_values": {
      "DE": 0.9250455112761555,
      "SHADE": 0.9746917696979414,
      "APSM-jSO": 0.8514514967421893,
      "CMA-ES": 0.8771246707747047,
      "NRBO": 0.8248226377961454
    },
    "ensemble_mae": 0.7787237029715165,
    "best_single_method": "NRBO",
    "best_single_mae": 0.8248226377961454,
    "improvement": 5.588951213536193,
    "wilcoxon_p": 0.974326473131932,
    "friedman_p": 0.4542909917417044
  },
  "Sample": {
    "mae_values": {
      "DE": 6.100046499116328,
      "SHADE": 6.099671697235444,
      "APSM-jSO": 6.041388015039523,
      "CMA-ES": 6.050819658975535,
      "NRBO": 6.073455024103624
    },
    "ensemble_mae": 6.061754683432996,
    "best_single_method": "APSM-jSO",
    "best_single_mae": 6.041388015039523,
    "improvement": -0.3371190253427197,
    "wilcoxon_p": 1.0,
    "friedman_p": 1.0
  },
  "Jajpur": {
    "mae_values": {
      "DE": 0.17268872621161033,
      "SHADE": 0.27781429991923023,
      "APSM-jSO": 0.5886418559286483,
      "CMA-ES": 0.582563103806825,
      "NRBO": 0.5736290598099688
    },
    "ensemble_mae": 0.28986358466430956,
    "best_single_method": "DE",
    "best_single_mae": 0.17268872621161033,
    "improvement": -67.8532183444997,
    "wilcoxon_p": 0.10699462890625,
    "friedman_p": 2.5053919010255146e-05
  }
}