{
  "Jajpur": {
    "DE": 0.20018737696707928,
    "SHADE": 0.20050088385756804,
    "APSM-jSO": 0.1984511293504076,
    "CMA-ES": 0.2004674399912987,
    "NRBO": 0.20039316983364655
  },
  "WQI": {
    "DE": 0.2082884511203994,
    "SHADE": 0.2067455146784841,
    "APSM-jSO": 0.19791120940392554,
    "CMA-ES": 0.1996855901902577,
    "NRBO": 0.18736923460693328
  },
  "Sample": {
    "DE": 0.2024320878781109,
    "SHADE": 0.20100770978598062,
    "APSM-jSO": 0.19743583443478027,
    "CMA-ES": 0.19960403133014265,
    "NRBO": 0.1995203365709856
  },
  "AKH": {
    "DE": 0.19929078789430676,
    "SHADE": 0.2023040074885936,
    "APSM-jSO": 0.20528813543176558,
    "CMA-ES": 0.19440491369534355,
    "NRBO": 0.19871215548999047
  }
}