{
  "RIME (2023)": {
    "R2": 0.8865907637603548,
    "R2CV": -0.9680242022656224,
    "RMSE": 2.2834352290401463,
    "MAE": 1.6535563802706719,
    "NumLayers": 2,
    "Layer_1": 46,
    "Layer_2": 38,
    "Activation": "relu",
    "Alpha": 0.00010002657726434218,
    "Time": 2368.759464740753
  },
  "INFO (2022)": {
    "R2": 0.8299453722696957,
    "R2CV": -2.221017245839764,
    "RMSE": 2.796138708687683,
    "MAE": 2.028277853841775,
    "NumLayers": 2,
    "Layer_1": 6,
    "Layer_2": 50,
    "Activation": "relu",
    "Alpha": 0.2986102169266315,
    "Time": 789.9858207702637
  },
  "RUN (2022)": {
    "R2": -0.7826803721391149,
    "R2CV": -1.2717273943643899,
    "RMSE": 9.053181466305118,
    "MAE": 6.785857130684273,
    "NumLayers": 2,
    "Layer_1": 28,
    "Layer_2": 50,
    "Activation": "tanh",
    "Alpha": 0.02387858638792436,
    "Time": 2327.436661720276
  },
  "GJO (2022)": {
    "R2": -0.6239078898567487,
    "R2CV": -1.4592536007875254,
    "RMSE": 8.640625455169113,
    "MAE": 6.331454377905349,
    "NumLayers": 2,
    "Layer_1": 41,
    "Layer_2": 50,
    "Activation": "tanh",
    "Alpha": 1.0,
    "Time": 1554.4523231983185
  }
}