{
  "ensemble_results": {
    "1_jajpur": {
      "LRStacking": {
        "R2": 0.9991479536717974,
        "R2CV": 0.9989719493891899,
        "RMSE": 0.3860692962082457,
        "MAE": 0.21117774720186844
      },
      "XGBoostStacking": {
        "R2": 0.9999985226805397,
        "R2CV": 0.9999981681008123,
        "RMSE": 0.016075736116453222,
        "MAE": 0.009737669974404764
      }
    },
    "2_wqi_dataset": {
      "LRStacking": {
        "R2": 0.9716867327147103,
        "R2CV": 0.9709224467140734,
        "RMSE": 1.1409312581539042,
        "MAE": 0.6799466932534428
      },
      "XGBoostStacking": {
        "R2": 0.994307064256913,
        "R2CV": 0.9940102347368786,
        "RMSE": 0.5116024613372162,
        "MAE": 0.3552288504087514
      }
    },
    "3_sample_dataset": {
      "LRStacking": {
        "R2": 0.975146272796008,
        "R2CV": 0.975274611644337,
        "RMSE": 0.8513754215873057,
        "MAE": 0.4407001016664665
      },
      "XGBoostStacking": {
        "R2": 0.9901703633375725,
        "R2CV": -420.66348156874585,
        "RMSE": 0.5354193682572079,
        "MAE": 0.3256261402955729
      }
    },
    "4_akh_wqi": {
      "LRStacking": {
        "R2": 0.7939610320001925,
        "R2CV": 0.7915856563543315,
        "RMSE": 11.691269846938646,
        "MAE": 8.751610877696956
      },
      "XGBoostStacking": {
        "R2": 0.910463321809086,
        "R2CV": 0.9092441570184926,
        "RMSE": 7.707037828703288,
        "MAE": 5.830003789019527
      }
    }
  },
  "single_algo_r2cv": {
    "1_jajpur": {
      "DE": 0.9977652004064913,
      "SHADE": 0.998561731087289,
      "APSM-jSO": 0.9843405944897547,
      "CMA-ES": 0.998773191595656,
      "Bayesian": 0.9916985538712749
    },
    "2_wqi_dataset": {
      "DE": 0.9572972252931953,
      "SHADE": 0.9504215439490895,
      "APSM-jSO": 0.9093961485796042,
      "CMA-ES": 0.9166491076516492,
      "Bayesian": 0.9506607039638979
    },
    "3_sample_dataset": {
      "DE": 0.9693274786143797,
      "SHADE": 0.9628420512339282,
      "APSM-jSO": 0.9461079256526379,
      "CMA-ES": 0.955172255131559,
      "Bayesian": 0.9583458898929823
    },
    "4_akh_wqi": {
      "DE": 0.7315066985619749,
      "SHADE": 0.7440011395237336,
      "APSM-jSO": 0.7543654514646913,
      "CMA-ES": 0.714668327908999,
      "Bayesian": 0.7369548708076581
    }
  }
}