{
  "MLP-lbfgs": {
    "Jajpur": {
      "single_results": {
        "DE": {
          "R2": 0.9999558096563165,
          "R2CV": 0.988655163292132,
          "RMSE": 1.4087462853635175,
          "MAE": 0.6457045978486342,
          "Time": 22.266547679901123,
          "params": {
            "NumLayers": 1,
            "Layer_1": 9,
            "Layer_2": 5,
            "Activation": "relu",
            "Alpha": 0.0323472933377567
          }
        },
        "SHADE": {
          "R2": 0.9980957688386078,
          "R2CV": 0.9819584725225409,
          "RMSE": 1.7765208598295898,
          "MAE": 1.0297389269966992,
          "Time": 18.20501184463501,
          "params": {
            "NumLayers": 2,
            "Layer_1": 2,
            "Layer_2": 4,
            "Activation": "relu",
            "Alpha": 0.013442627889522593
          }
        },
        "CMA-ES": {
          "R2": 0.9999999666976781,
          "R2CV": 0.9865516956167585,
          "RMSE": 1.533795376751002,
          "MAE": 0.7174250357905669,
          "Time": 29.76688265800476,
          "params": {
            "NumLayers": 1,
            "Layer_1": 4,
            "Layer_2": 10,
            "Activation": "relu",
            "Alpha": 2.0242230727111853e-06
          }
        },
        "NRBO": {
          "R2": 0.9999999094089245,
          "R2CV": 0.9796418504099078,
          "RMSE": 1.8871343067813637,
          "MAE": 1.0451849935915702,
          "Time": 15.943867921829224,
          "params": {
            "NumLayers": 1,
            "Layer_1": 4,
            "Layer_2": 10,
            "Activation": "relu",
            "Alpha": 0.0021501334971713686
          }
        },
        "BOA": {
          "R2": 0.9999016049830903,
          "R2CV": 0.9905793960581318,
          "RMSE": 1.2837280538361007,
          "MAE": 0.6812201977390562,
          "Time": 15.650152921676636,
          "params": {
            "NumLayers": 2,
            "Layer_1": 7,
            "Layer_2": 6,
            "Activation": "relu",
            "Alpha": 0.0008565943440779819
          }
        },
        "HHO-Lite": {
          "R2": 0.9999992650020841,
          "R2CV": 0.9729354256129624,
          "RMSE": 2.1758765925416435,
          "MAE": 1.1782890101708847,
          "Time": 14.468554019927979,
          "params": {
            "NumLayers": 1,
            "Layer_1": 6,
            "Layer_2": 6,
            "Activation": "relu",
            "Alpha": 5.937619238485089e-06
          }
        }
      },
      "ensemble_results": {
        "SimpleAvg": {
          "R2CV": 0.9902171746845243,
          "RMSE": 1.3081748897069265,
          "MAE": 0.738893489603115
        },
        "WeightedAvg": {
          "R2CV": 0.9902670764742446,
          "RMSE": 1.3048341508534596,
          "MAE": 0.7347965614999606
        },
        "Stacking": {
          "R2CV": 0.9925587701456409,
          "RMSE": 1.1409221697317558,
          "MAE": 0.6807943343429954
        }
      },
      "best_single_r2cv": 0.9905793960581318,
      "best_ensemble_r2cv": 0.9925587701456409,
      "best_single_algo": "BOA",
      "best_ensemble_method": "Stacking",
      "improvement_pp": 0.2
    },
    "Irish": {
      "single_results": {
        "DE": {
          "R2": 0.9760453257479681,
          "R2CV": 0.9419179936776383,
          "RMSE": 1.6341250562745802,
          "MAE": 0.8780452164368533,
          "Time": 101.8799831867218,
          "params": {
            "NumLayers": 2,
            "Layer_1": 3,
            "Layer_2": 6,
            "Activation": "sigmoid",
            "Alpha": 0.0008691030053549254
          }
        },
        "SHADE": {
          "R2": 0.9898305640450159,
          "R2CV": 0.9395549252497241,
          "RMSE": 1.6670358662394067,
          "MAE": 0.9524808335549306,
          "Time": 31.717658042907715,
          "params": {
            "NumLayers": 1,
            "Layer_1": 8,
            "Layer_2": 5,
            "Activation": "sigmoid",
            "Alpha": 0.04311674638736543
          }
        },
        "CMA-ES": {
          "R2": 0.9789326410912612,
          "R2CV": 0.9476179993800024,
          "RMSE": 1.5518706693241673,
          "MAE": 0.8771979611219693,
          "Time": 33.9262912273407,
          "params": {
            "NumLayers": 2,
            "Layer_1": 4,
            "Layer_2": 9,
            "Activation": "sigmoid",
            "Alpha": 7.91865139086163e-06
          }
        },
        "NRBO": {
          "R2": 0.9827326438179952,
          "R2CV": 0.7371476635172747,
          "RMSE": 3.4763252681709265,
          "MAE": 1.0545265942193893,
          "Time": 39.94622802734375,
          "params": {
            "NumLayers": 2,
            "Layer_1": 10,
            "Layer_2": 5,
            "Activation": "relu",
            "Alpha": 0.024096044772653213
          }
        },
        "BOA": {
          "R2": 0.9879819952864245,
          "R2CV": 0.9281747868443718,
          "RMSE": 1.8172009116886298,
          "MAE": 0.9592655818082989,
          "Time": 25.83112096786499,
          "params": {
            "NumLayers": 1,
            "Layer_1": 8,
            "Layer_2": 2,
            "Activation": "sigmoid",
            "Alpha": 7.399949485120383e-06
          }
        },
        "HHO-Lite": {
          "R2": 0.9827326438179952,
          "R2CV": 0.9430634281739922,
          "RMSE": 1.6179315411356714,
          "MAE": 0.9289421351507692,
          "Time": 39.514872550964355,
          "params": {
            "NumLayers": 2,
            "Layer_1": 10,
            "Layer_2": 5,
            "Activation": "relu",
            "Alpha": 0.024096044772653213
          }
        }
      },
      "ensemble_results": {
        "SimpleAvg": {
          "R2CV": 0.9649936767767433,
          "RMSE": 1.2686380515263576,
          "MAE": 0.7655970462741266
        },
        "WeightedAvg": {
          "R2CV": 0.9632187996813918,
          "RMSE": 1.3004014144944294,
          "MAE": 0.7730175600185497
        },
        "Stacking": {
          "R2CV": 0.955703882191925,
          "RMSE": 1.4270767052584126,
          "MAE": 0.8103148334310898
        }
      },
      "best_single_r2cv": 0.9476179993800024,
      "best_ensemble_r2cv": 0.9649936767767433,
      "best_single_algo": "CMA-ES",
      "best_ensemble_method": "SimpleAvg",
      "improvement_pp": 1.74
    },
    "AKH": {
      "single_results": {
        "DE": {
          "R2": 0.8134070634681665,
          "R2CV": 0.7394366007295736,
          "RMSE": 13.147515978816635,
          "MAE": 10.163112191006618,
          "Time": 27.765196323394775,
          "params": {
            "NumLayers": 2,
            "Layer_1": 4,
            "Layer_2": 8,
            "Activation": "relu",
            "Alpha": 1.7293665820793053e-05
          }
        },
        "SHADE": {
          "R2": 0.8182766010954562,
          "R2CV": 0.7339814812438396,
          "RMSE": 13.284430378511804,
          "MAE": 10.087281499501993,
          "Time": 26.713260412216187,
          "params": {
            "NumLayers": 1,
            "Layer_1": 8,
            "Layer_2": 9,
            "Activation": "sigmoid",
            "Alpha": 3.7037300173025883e-06
          }
        },
        "CMA-ES": {
          "R2": 0.8220818444173126,
          "R2CV": 0.7528523514196686,
          "RMSE": 12.804577205252125,
          "MAE": 9.663968308491334,
          "Time": 27.577161073684692,
          "params": {
            "NumLayers": 1,
            "Layer_1": 4,
            "Layer_2": 6,
            "Activation": "sigmoid",
            "Alpha": 0.00015898617919742284
          }
        },
        "NRBO": {
          "R2": 0.8264080739458176,
          "R2CV": 0.7592616371193555,
          "RMSE": 12.637455899203394,
          "MAE": 9.69229412391227,
          "Time": 25.262048959732056,
          "params": {
            "NumLayers": 2,
            "Layer_1": 7,
            "Layer_2": 5,
            "Activation": "relu",