{
  "MLP-lbfgs": {
    "Jajpur": {
      "single_results": {
        "DE": {
          "R2": 0.9999558096563165,
          "R2CV": 0.9961507273777745,
          "RMSE": 0.08792195754159295,
          "MAE": 0.05279916842510821,
          "Time": 15.83746862411499,
          "params": {
            "NumLayers": 1,
            "Layer_1": 9,
            "Layer_2": 5,
            "Activation": "relu",
            "Alpha": 0.0323472933377567
          }
        },
        "SHADE": {
          "R2": 0.9980957688386078,
          "R2CV": 0.9946449831929908,
          "RMSE": 0.5771563698649459,
          "MAE": 0.3632360490947457,
          "Time": 15.995253801345825,
          "params": {
            "NumLayers": 2,
            "Layer_1": 2,
            "Layer_2": 4,
            "Activation": "relu",
            "Alpha": 0.013442627889522593
          }
        },
        "CMA-ES": {
          "R2": 0.9999999666976781,
          "R2CV": 0.9973979071342669,
          "RMSE": 0.002413631230799365,
          "MAE": 0.001264035529641647,
          "Time": 16.363394021987915,
          "params": {
            "NumLayers": 1,
            "Layer_1": 4,
            "Layer_2": 10,
            "Activation": "relu",
            "Alpha": 2.0242230727111853e-06
          }
        },
        "NRBO": {
          "R2": 0.9999999094089245,
          "R2CV": 0.9931954729591779,
          "RMSE": 0.003980855075886172,
          "MAE": 0.0023111328417703947,
          "Time": 15.869993925094604,
          "params": {
            "NumLayers": 1,
            "Layer_1": 4,
            "Layer_2": 10,
            "Activation": "relu",
            "Alpha": 0.0021501334971713686
          }
        },
        "BOA": {
          "R2": 0.9999016049830903,
          "R2CV": 0.9910461997622443,
          "RMSE": 0.13119588444088112,
          "MAE": 0.10470366896827545,
          "Time": 14.719993114471436,
          "params": {
            "NumLayers": 2,
            "Layer_1": 7,
            "Layer_2": 6,
            "Activation": "relu",
            "Alpha": 0.0008565943440779819
          }
        },
        "HHO-Lite": {
          "R2": 0.9999992650020841,
          "R2CV": 0.992083735031362,
          "RMSE": 0.011339051116016748,
          "MAE": 0.00511286384145849,
          "Time": 13.27409839630127,
          "params": {
            "NumLayers": 1,
            "Layer_1": 6,
            "Layer_2": 6,
            "Activation": "relu",
            "Alpha": 5.937619238485089e-06
          }
        }
      },
      "ensemble_results": {
        "SimpleAvg": {
          "R2": 0.9999338046998109,
          "R2CV": 0.9933994644290685,
          "RMSE": 0.10760866344459646,
          "MAE": 0.06932684307686053
        },
        "WeightedAvg": {
          "R2": 0.9999337477456677,
          "R2CV": 0.9941174422888693,
          "RMSE": 0.10765494650005414,
          "MAE": 0.0693509146664571
        },
        "Stacking": {
          "R2": 0.9999398667813427,
          "R2CV": 0.9986166649582955,
          "RMSE": 0.10256303986311129,
          "MAE": 0.08792413252257074
        }
      },
      "best_single_r2cv": 0.9973979071342669,
      "best_ensemble_r2cv": 0.9986166649582955,
      "best_single_algo": "CMA-ES",
      "best_ensemble_method": "Stacking",
      "improvement_pp": 0.12
    },
    "Irish": {
      "single_results": {
        "DE": {
          "R2": 0.9760453257479681,
          "R2CV": 0.956380411441751,
          "RMSE": 1.049444846022615,
          "MAE": 0.6772475431423025,
          "Time": 27.81569004058838,
          "params": {
            "NumLayers": 2,
            "Layer_1": 3,
            "Layer_2": 6,
            "Activation": "sigmoid",
            "Alpha": 0.0008691030053549254
          }
        },
        "SHADE": {
          "R2": 0.9898305640450159,
          "R2CV": 0.955415135923343,
          "RMSE": 0.6837745258676338,
          "MAE": 0.4716150145274748,
          "Time": 23.482539415359497,
          "params": {
            "NumLayers": 1,
            "Layer_1": 8,
            "Layer_2": 5,
            "Activation": "sigmoid",
            "Alpha": 0.04311674638736543
          }
        },
        "CMA-ES": {
          "R2": 0.9789326410912612,
          "R2CV": 0.9576543053199915,
          "RMSE": 0.9841686602609833,
          "MAE": 0.6425677648902643,
          "Time": 27.34801149368286,
          "params": {
            "NumLayers": 2,
            "Layer_1": 4,
            "Layer_2": 9,
            "Activation": "sigmoid",
            "Alpha": 7.91865139086163e-06
          }
        },
        "NRBO": {
          "R2": 0.9827326438179952,
          "R2CV": 0.9546468136470199,
          "RMSE": 0.8909993926855827,
          "MAE": 0.5845785317343695,
          "Time": 26.188961029052734,
          "params": {
            "NumLayers": 2,
            "Layer_1": 10,
            "Layer_2": 5,
            "Activation": "relu",
            "Alpha": 0.024096044772653213
          }
        },
        "BOA": {
          "R2": 0.9879819952864245,
          "R2CV": 0.9590144562900407,
          "RMSE": 0.7433283028976992,
          "MAE": 0.503311896686547,
          "Time": 23.905007123947144,
          "params": {
            "NumLayers": 1,
            "Layer_1": 8,
            "Layer_2": 2,
            "Activation": "sigmoid",
            "Alpha": 7.399949485120383e-06
          }
        },
        "HHO-Lite": {
          "R2": 0.9827326438179952,
          "R2CV": 0.9546468136470199,
          "RMSE": 0.8909993926855827,
          "MAE": 0.5845785317343695,
          "Time": 22.779925107955933,
          "params": {
            "NumLayers": 2,
            "Layer_1": 10,
            "Layer_2": 5,
            "Activation": "relu",
            "Alpha": 0.024096044772653213
          }
        }
      },
      "ensemble_results": {
        "SimpleAvg": {
          "R2": 0.9867258143085864,
          "R2CV": 0.9645568305334453,
          "RMSE": 0.781211141682359,
          "MAE": 0.49146175071665876
        },
        "WeightedAvg": {
          "R2": 0.9867274177701222,
          "R2CV": 0.9648927064030248,
          "RMSE": 0.7811639568728052,
          "MAE": 0.4914240184108297
        },
        "Stacking": {
          "R2": 0.9882749116495321,
          "R2CV": 0.9671551659847221,
          "RMSE": 0.7342138052924791,
          "MAE": 0.493596088154162
        }
      },
      "best_single_r2cv": 0.9590144562900407,
      "best_ensemble_r2cv": 0.9671551659847221,
      "best_single_algo": "BOA",
      "best_ensemble_method": "Stacking",
      "improvement_pp": 0.81
    },
    "AKH": {
      "single_results": {
        "DE": {
          "R2": 0.8134070634681665,
          "R2CV": 0.7556548160803026,
          "RMSE": 11.12588589023896,
          "MAE": 8.398337744277415,
          "Time": 24.76713991165161,
          "params": {
            "NumLayers": 2,
            "Layer_1": 4,
            "Layer_2": 8,
            "Activation": "relu",
            "Alpha": 1.7293665820793053e-05
          }
        },
        "SHADE": {
          "R2": 0.8182766010954562,
          "R2CV": 0.7497181036167974,
          "RMSE": 10.97974938100885,
          "MAE": 8.611790248223125,
          "Time": 25.312744617462158,
          "params": {
            "NumLayers": 1,
            "Layer_1": 8,
            "Layer_2": 9,
            "Activation": "sigmoid",
            "Alpha": 3.7037300173025883e-06
          }
        },
        "CMA-ES": {
          "R2": 0.8220818444173126,
          "R2CV": 0.7522931897949412,
          "RMSE": 10.864184578660137,
          "MAE": 8.317175713048544,
          "Time": 26.6852023601532,
          "params": {
            "NumLayers": 1,
            "Layer_1": 4,
            "Layer_2": 6,
            "Activation": "sigmoid",
            "Alpha": 0.00015898617919742284
          }
        },
        "NRBO": {
          "R2": 0.8264080739458176,
          "R2CV": 0.7427735020902388,
          "RMSE": 10.731285829952983,