,DE,SHADE,CMA-ES,NRBO,BOA,HHO-Lite
DE,1.000000,0.934807,0.957998,0.946971,0.941750,0.949686
SHADE,0.934807,1.000000,0.964391,0.948312,0.986617,0.970763
CMA-ES,0.957998,0.964391,1.000000,0.952445,0.975300,0.981203
NRBO,0.946971,0.948312,0.952445,1.000000,0.953853,0.963254
BOA,0.941750,0.986617,0.975300,0.953853,1.000000,0.978426
HHO-Lite,0.949686,0.970763,0.981203,0.963254,0.978426,1.000000
