,DE,SHADE,CMA-ES,NRBO,BOA,HHO-Lite
DE,1.000000,0.941850,0.931589,0.960295,0.941173,0.945501
SHADE,0.941850,1.000000,0.964391,0.936106,0.985093,0.970763
CMA-ES,0.931589,0.964391,1.000000,0.938826,0.976577,0.981203
NRBO,0.960295,0.936106,0.938826,1.000000,0.945626,0.945115
BOA,0.941173,0.985093,0.976577,0.945626,1.000000,0.974701
HHO-Lite,0.945501,0.970763,0.981203,0.945115,0.974701,1.000000
