,DE,SHADE,CMA-ES,NRBO,BOA,HHO-Lite
DE,1.000000,0.995590,0.995074,0.995590,0.992314,0.995590
SHADE,0.995590,1.000000,0.995628,1.000000,0.995613,1.000000
CMA-ES,0.995074,0.995628,1.000000,0.995628,0.994839,0.995628
NRBO,0.995590,1.000000,0.995628,1.000000,0.995613,1.000000
BOA,0.992314,0.995613,0.994839,0.995613,1.000000,0.995613
HHO-Lite,0.995590,1.000000,0.995628,1.000000,0.995613,1.000000
