{
  "AKH": {
    "mae_values": {
      "DE": 10.660365290061309,
      "SHADE": 10.067004946899317,
      "CMA-ES": 10.357054333822855,
      "NRBO": 10.067004946899317,
      "BOA": 10.067004946899317,
      "HHO-Lite": 10.067004946899317
    },
    "ensemble_mae": 9.414739280300465,
    "best_single_method": "SHADE",
    "best_single_mae": 10.067004946899317,
    "improvement": 6.479242535782732,
    "wilcoxon_p": 0.0038084628773258195,
    "friedman_p": 0.002097450456905003
  },
  "Irish": {
    "mae_values": {
      "DE": 0.9250455112761555,
      "SHADE": 0.9746917696979414,
      "CMA-ES": 0.8771246707747047,
      "NRBO": 0.8248226377961454,
      "BOA": 0.8818322576859613,
      "HHO-Lite": 0.8564101635476973
    },
    "ensemble_mae": 0.7534693896716471,
    "best_single_method": "NRBO",
    "best_single_mae": 0.8248226377961454,
    "improvement": 8.650738335110198,
    "wilcoxon_p": 0.9554246529690044,
    "friedman_p": 0.2861279319333237
  },
  "Jajpur": {
    "mae_values": {
      "DE": 0.17268872621161033,
      "SHADE": 0.27781429991923023,
      "CMA-ES": 0.582563103806825,
      "NRBO": 0.5736290598099688,
      "BOA": 0.5416577657655566,
      "HHO-Lite": 0.10891520280402128
    },
    "ensemble_mae": 0.2593997588632301,
    "best_single_method": "HHO-Lite",
    "best_single_mae": 0.10891520280402128,
    "improvement": -138.16671335588123,
    "wilcoxon_p": 0.00018310546875,
    "friedman_p": 8.64434129536724e-08
  }
}