Algorithm,Weight
DE,0.166355
SHADE,0.166745
CMA-ES,0.166577
NRBO,0.166386
BOA,0.167884
HHO-Lite,0.166054
