Algorithm,Weight
DE,0.167560
SHADE,0.166425
CMA-ES,0.167203
NRBO,0.166032
BOA,0.167886
HHO-Lite,0.164895
