Algorithm,Weight
DE,0.173227
SHADE,0.172792
CMA-ES,0.174275
NRBO,0.135568
BOA,0.170700
HHO-Lite,0.173438
