Algorithm,Weight
DE,0.166682
SHADE,0.166514
CMA-ES,0.166904
NRBO,0.166380
BOA,0.167141
HHO-Lite,0.166380
