Algorithm,Weight
DE,0.167013
SHADE,0.166760
CMA-ES,0.167222
NRBO,0.166517
BOA,0.166157
HHO-Lite,0.166331
