Algorithm,Weight
DE,0.173964
SHADE,0.176808
CMA-ES,0.176888
NRBO,0.148781
BOA,0.174778
HHO-Lite,0.148781
