Algorithm,Weight
DE,0.163116
SHADE,0.168427
CMA-ES,0.169005
NRBO,0.166866
BOA,0.166668
HHO-Lite,0.165917
