Algorithm,Weight
DE,0.164916
SHADE,0.167224
CMA-ES,0.166496
NRBO,0.166369
BOA,0.166947
HHO-Lite,0.168049
