Algorithm,Weight
DE,0.170927
SHADE,0.166542
CMA-ES,0.167114
NRBO,0.165338
BOA,0.166017
HHO-Lite,0.164061
