Algorithm,Weight
DE,0.166705
SHADE,0.166403
CMA-ES,0.166922
NRBO,0.166403
BOA,0.167164
HHO-Lite,0.166403
