Algorithm,Weight
DE,0.165429
SHADE,0.164209
CMA-ES,0.168431
NRBO,0.169864
BOA,0.167087
HHO-Lite,0.164980
