Algorithm,Weight
DE,0.160070
SHADE,0.167291
CMA-ES,0.165810
NRBO,0.171287
BOA,0.166856
HHO-Lite,0.168685
