Algorithm,Weight
DE,0.165825
SHADE,0.167189
CMA-ES,0.167812
NRBO,0.166063
BOA,0.165089
HHO-Lite,0.168024
