Algorithm,Weight
DE,0.168640
SHADE,0.167315
CMA-ES,0.167890
NRBO,0.165765
BOA,0.165568
HHO-Lite,0.164822
