Algorithm,Weight
DE,0.166904
SHADE,0.167303
CMA-ES,0.167113
NRBO,0.166409
BOA,0.166049
HHO-Lite,0.166222
