Algorithm,Weight
DE,0.166675
SHADE,0.166170
CMA-ES,0.166703
NRBO,0.166390
BOA,0.166944
HHO-Lite,0.167118
